2ebf63e0621579b92aaadc7e3867bdad2375d187,MODIFY,regular-file,dist/bundle.js,825644,16532;16534;16536;17919
7505716bca543d326cd00089959ed597d4aaf8fa,MODIFY,regular-file,node_modules/async-foreach/LICENSE-MIT,1062,1
f574204978cb1a78ffd3c3f24f70925f4f860edc,MODIFY,regular-file,node_modules/async-foreach/README.md,4977,193
64c6eb8ffd969bb71440592d5bf84ac87ff2bbbc,MODIFY,regular-file,node_modules/async-foreach/dist/ba-foreach.js,2131,3
c218a9157a14959fed52905b43eea8279988990c,MODIFY,regular-file,node_modules/async-foreach/dist/ba-foreach.min.js,432,3
079a23afd1c61a33ebadfd73050397dd097ee22f,MODIFY,regular-file,node_modules/async-foreach/grunt.js,1129,7
9ee98b00180fd1378aa63b61cda7bbd60d3c815e,MODIFY,regular-file,node_modules/async-foreach/lib/foreach.js,2167,5
a191e975e8534b9c6cec983073315c0a583378cf,MODIFY,regular-file,node_modules/async-foreach/package.json,7743,44;78
c612f1a55fda02075d146f05a14343a0c73e6fb6,MODIFY,regular-file,node_modules/asynckit/bench.js,1256,9-10
fb3e0261d64e98a0928d3a85c5bbd41b61f2e6b5,MODIFY,regular-file,node_modules/autoprefixer/AUTHORS,4535,28
d1cd38e90dc34c49d6cfe3d30290b752794893b9,MODIFY,regular-file,node_modules/autoprefixer/CHANGELOG.md,21804,167
a8d1c4c58fe8a62cf2e389e85c6dff929753c073,MODIFY,regular-file,node_modules/autoprefixer/package.json,12389,124
0dc39044c4bb6ee7645f7f39347ac94bbb10952a,MODIFY,regular-file,node_modules/babel-loader/CHANGELOG.md,4934,127
861f42411612c8a1817b147d2f6962977c9984be,MODIFY,regular-file,node_modules/babel-plugin-transform-regenerator/package.json,3117,49
3282c70afea2aec53d9bb3dfdea231fad05f80f2,MODIFY,regular-file,node_modules/babel-polyfill/node_modules/regenerator-runtime/package.json,2485,49
451fc4550c233592508fc640ab3201c18091c66d,MODIFY,regular-file,node_modules/browser-sync/node_modules/mime/LICENSE,1075,1
e9ab6f8a8fa8ac688a26a68f1187ca0260e2fd3b,MODIFY,regular-file,node_modules/browser-sync/node_modules/mime/package.json,2676,56
5e895bcb29fa1d9256653a9970f50f0f8e6144d1,MODIFY,regular-file,node_modules/browserslist/CHANGELOG.md,3169,103
25c624701389bab54c94982531ea34e8d1702ccf,MODIFY,regular-file,node_modules/builtin-status-codes/license,1111,3
11ba4a98813c8f882daea68ab2d14fdf1123acbe,MODIFY,regular-file,node_modules/builtin-status-codes/package.json,2960,49
9a2353d346be6481a3c459e6eb64e850a1b67a3b,MODIFY,regular-file,node_modules/builtin-status-codes/readme.md,610,31
310d93f7a9655449ac54fa1a6616a41fd9d50702,MODIFY,regular-file,node_modules/caniuse-db/features-json/html-media-capture.json,5849,17
4aac4c572384a9241fe913ef8a3fde43fbd08e95,MODIFY,regular-file,node_modules/caniuse-db/features-json/viewport-units.json,7915,350
879c177529bb144222fd6f9db4c5d115600bb500,MODIFY,regular-file,node_modules/caniuse-db/region-usage-json/BJ.json,3413,1
0ee5036124b20fb1b82b8d25aa994ef3f1d1cc76,MODIFY,regular-file,node_modules/cheerio/History.md,25758,155
eaed44c7df6b361b3a860adb6e834951cca6df3f,MODIFY,regular-file,node_modules/cheerio/Readme.md,31125,969;1002
83d175c4a9c003f0e5e4e8603d7abb48ba6d1a94,MODIFY,regular-file,node_modules/cliui/package.json,3168,50
b1b19da73beff38c628f5f2bf92fdf35515abc52,MODIFY,regular-file,node_modules/clone/package.json,4104,108
fd0e863a614fbcfc11bcfd0836975d1f5bfeb191,MODIFY,regular-file,node_modules/colormin/LICENSE-MIT,1092,1
a8a1f22a62e3d5530b7c05ec0f367412bb49919a,MODIFY,regular-file,node_modules/colormin/README.md,1340,57
3d0b87054f7c11be1806905d820fe42d984daae3,MODIFY,regular-file,node_modules/colormin/package.json,3315,49
8530820280e785377e4eccf9f40fda49f3af14a5,MODIFY,regular-file,node_modules/connect-history-api-fallback/LICENSE,1090,3
1b120a2498ae1e74f1bf6c937729dfaeee0a8189,MODIFY,regular-file,node_modules/connect-history-api-fallback/package.json,3269,49
fd0e863a614fbcfc11bcfd0836975d1f5bfeb191,MODIFY,regular-file,node_modules/cssnano/LICENSE-MIT,1092,1
f96fef74adcc4910c7778f424d4b25fb5a61b0e1,MODIFY,regular-file,node_modules/cssnano/README.md,2449,48
76f8fa7fdf39085bc1ee66ec479d9f3634acba80,MODIFY,regular-file,node_modules/cssnano/package.json,5447,49
43502effc08c0fb0dcabeefd22bf9491398d9454,MODIFY,regular-file,node_modules/domain-browser/README.md,7869,71;88
d9a1aeee24d40980cfe06aa8da0a9d33f430caef,MODIFY,regular-file,node_modules/domain-browser/package.json,4656,81
808984501b5a846c8669ba83ed223c825268a4d2,MODIFY,regular-file,node_modules/elliptic/README.md,6593,15;19;25;31;37
653d9eaa793317827ce724c4a0756110e9356fc8,MODIFY,regular-file,node_modules/escape-html/Readme.md,707,14
8faf2d522d10ca2f24682490e45309b031b43fa0,MODIFY,regular-file,node_modules/esrecurse/package-lock.json,149469,2907
09c2169e7b3ab576199dfe890b2f04cb645c5ac7,MODIFY,regular-file,node_modules/etag/README.md,4198,61
e09bfde8489386583093f058ca15ff13e50a15de,MODIFY,regular-file,node_modules/event-emitter/benchmark/many-on.js,2079,3
99decbdae725663f749b3c423f99e93bb40283de,MODIFY,regular-file,node_modules/event-emitter/benchmark/single-on.js,1666,3
bb2aad6dc20a072aa0d9ef8bc435aae00d89b7ca,MODIFY,regular-file,node_modules/exit/LICENSE-MIT,1062,1
20c364eb1367c787ed0b11d6c4665de6748604de,MODIFY,regular-file,node_modules/exit/README.md,2352,74
2883e05935c38cd80024b492845faf612792c67a,MODIFY,regular-file,node_modules/exit/lib/exit.js,1146,5
104c51f2d2117891daf914b71b183d0fdb1312c4,MODIFY,regular-file,node_modules/exit/package.json,4992,46;95
72c7e8c6c76522d3eed0cd8bdff57ba0b466dca5,MODIFY,regular-file,node_modules/expand-range/README.md,4391,73
fbf59a234135393ba781f6cbbb3a85a261a768d8,MODIFY,regular-file,node_modules/express/History.md,106507,2854
ed01a39fb821b619050af2a0c802e69a3c08241d,MODIFY,regular-file,node_modules/fast-deep-equal/benchmark/index.js,1590,5-6
e725f9fc5f1e8fe9ba16c9b4df47aae9b2162a25,MODIFY,regular-file,node_modules/fast-json-stable-stringify/benchmark/index.js,740,3-4
a77899539693981ee42fc78446605a9c8af5bda3,MODIFY,regular-file,node_modules/fast-levenshtein/README.md,3414,74;84
bb2aad6dc20a072aa0d9ef8bc435aae00d89b7ca,MODIFY,regular-file,node_modules/findup-sync/LICENSE-MIT,1062,1
871a7256cabb6ac270451d6129ed0c4b5feca667,MODIFY,regular-file,node_modules/findup-sync/lib/findup-sync.js,1419,5
f4b072916756c7b8917c6e87412b9c2de8fef9e5,MODIFY,regular-file,node_modules/findup-sync/package.json,2868,52
e103c3ddc4edc2fc4ad6fde5a54f5f56681b6401,MODIFY,regular-file,node_modules/formidable/Readme.md,13572,271
bb2aad6dc20a072aa0d9ef8bc435aae00d89b7ca,MODIFY,regular-file,node_modules/getobject/LICENSE-MIT,1062,1
6d27c24ae1eb4766e3ce984fce8ddbcb28002bf2,MODIFY,regular-file,node_modules/getobject/README.md,639,19
e4006fe1290704ab50c49da3c73e206184a8c6eb,MODIFY,regular-file,node_modules/getobject/lib/getobject.js,1495,5
f06b24148ba587908f6b8966d86318c2f4e41aac,MODIFY,regular-file,node_modules/getobject/package.json,3216,44;90
e4eb53316d8e933bbf96e1747181a132ff979800,MODIFY,regular-file,node_modules/globule/LICENSE,1062,1
2346cbd0385725a93e953e7af871015ae3950b25,MODIFY,regular-file,node_modules/globule/README.md,6516,129
691d42606b42cb234598e255912f6b52dcb90a90,MODIFY,regular-file,node_modules/globule/lib/globule.js,6353,5
d525f888a8a393dfa0963884873599d077316e78,MODIFY,regular-file,node_modules/globule/package.json,2947,56
9d2c8036969bedd4ea9041a1e154306d7424662c,MODIFY,regular-file,node_modules/graceful-fs/LICENSE,781,3
4cdac73f9254bf4eee95ff4b1c74bce102f9cdb1,MODIFY,regular-file,node_modules/grunt-contrib-jasmine/package.json,3790,62
10d924b3efafede89a628e1b20f520224d645518,MODIFY,regular-file,node_modules/grunt-contrib-watch/package.json,4421,61
0bdd8481b77fab3bcf22cb1f5800bc7a1f3e03f7,MODIFY,regular-file,node_modules/grunt-contrib-watch/tasks/lib/livereload.js,1625,5
2b3d38279604dafe4a9138c147a7bf2542494b22,MODIFY,regular-file,node_modules/grunt-contrib-watch/tasks/lib/taskrun.js,3127,5
c1f610c1d50a8ee294c64f07489abdc7e59fb95d,MODIFY,regular-file,node_modules/grunt-contrib-watch/tasks/lib/taskrunner.js,11831,5
9b9a81e0ff2da6b614f5abaf1f408f8216003e8b,MODIFY,regular-file,node_modules/grunt-contrib-watch/tasks/watch.js,5492,5
2b72907b1393421109db8fc4d914b08061b4e297,MODIFY,regular-file,node_modules/grunt-legacy-log-utils/index.js,3458,5
b261b838c5493104f3f93f39d41509f1b4d199ed,MODIFY,regular-file,node_modules/grunt-legacy-log-utils/package.json,3062,49
1056fb5a07f319c8dda63df012abf8c988debc88,MODIFY,regular-file,node_modules/grunt-legacy-log/LICENSE-MIT,1062,1
ed9b4d351f6af2bbdfaed18c2403fe1c3ba0e315,MODIFY,regular-file,node_modules/grunt-legacy-log/index.js,8283,5
f5ad88e64210cb65d872a8b142473f331d7b7e16,MODIFY,regular-file,node_modules/grunt-legacy-log/package.json,3044,49
8ac94f0fa5c1fa589161caeb556c48b0de9c551d,MODIFY,regular-file,node_modules/grunt-legacy-util/LICENSE-MIT,1062,1
a61d9cc4758f639943993346d1fd077933fe1738,MODIFY,regular-file,node_modules/grunt-legacy-util/index.js,6287,5
4182436023fb07034c068a5f76eef165937fead5,MODIFY,regular-file,node_modules/grunt-legacy-util/package.json,3153,49
8fe257542921c75441c245f9c1e147a166be61e7,MODIFY,regular-file,node_modules/grunt-lib-phantomjs/lib/phantomjs.js,6795,5
1d80549fb8621662ab767be4339cfb642b233fac,MODIFY,regular-file,node_modules/grunt-lib-phantomjs/package.json,4618,60
05302bf7202e4c01539161a6b1ec885e7249cc39,MODIFY,regular-file,node_modules/grunt-lib-phantomjs/phantomjs/main.js,4324,5
d7cb61486e212007f2f509a22d14b270a5fd6563,MODIFY,regular-file,node_modules/grunt/node_modules/grunt-cli/package.json,3261,65
edf4174ae18601e6edc0906c12bb18fafa7c9451,MODIFY,regular-file,node_modules/grunt/package.json,4111,65
83e65e781cd2b3add9d5c8d51181526e872dff9c,MODIFY,regular-file,node_modules/handlebars/package-lock.json,181158,3411
4aff23f3a3f7c551d787290813b3cdd51c85c122,MODIFY,regular-file,node_modules/hawk/README.md,30775,630;632
92c4912c7e7c6c231d76fbcec3e0573f2ba41fd9,MODIFY,regular-file,node_modules/hoek/README.md,17309,30;394
9a5ffe18f4cd1f7fd03bb2c8227a40705fc138dc,MODIFY,regular-file,node_modules/hoek/lib/index.js,24647,754;761;763;767;769;773
1e8ef620f361a2c6d425ebc4ff6858487c396aa4,MODIFY,regular-file,node_modules/hoek/test/index.js,67284,1897;1901
90c336c39d31b9e3783463270a5ce18b1582025e,MODIFY,regular-file,node_modules/hooker/LICENSE-MIT,1062,1
138943a21946e1fec4e29a5528d37f1665e61444,MODIFY,regular-file,node_modules/hooker/README.md,5875,184
d10a3216b5ffd91891b83f034a2be7bf57c6815b,MODIFY,regular-file,node_modules/hooker/dist/ba-hooker.js,6490,3
2bcdb549b397523192d95bbeb208341f4750ce06,MODIFY,regular-file,node_modules/hooker/dist/ba-hooker.min.js,1292,3
1ff9764b52910e7269f7ffa209cdb062fdae585b,MODIFY,regular-file,node_modules/hooker/lib/hooker.js,6536,5
0235ca38e3259c84274d1fedf77a206d7da9f330,MODIFY,regular-file,node_modules/hooker/package.json,2479,48
767daedef07cb32311595185db018e7b749d761d,MODIFY,regular-file,node_modules/iconv-lite/README.md,6796,105
5f4a73b8d778c0da5b3e2357075f6483ae7a825c,MODIFY,regular-file,node_modules/icss-utils/node_modules/postcss/CHANGELOG.md,17269,100;109;164;235-236;245;247;263;280;321
b2fc8b8e87f012d322927187a764593af04ba8cc,MODIFY,regular-file,node_modules/jest-runtime/node_modules/yargs-parser/package.json,3009,49
766b3abe101c02ff56a5b6826a7e730de2358065,MODIFY,regular-file,node_modules/jest/node_modules/yargs-parser/package.json,3373,61
c32c25f9c3f99e0c87daf2b13f83da6b8ff7b9d6,MODIFY,regular-file,node_modules/jquery/AUTHORS.txt,11218,25;36;136;147;171;189;221;240
6a9df36d3bd2f7157a8e54d8934b5a465d9213ba,MODIFY,regular-file,node_modules/kind-of/README.md,8093,140;142
9493c9f38d70fb3702bcfc822df1f9bf45629af7,MODIFY,regular-file,node_modules/leven/readme.md,974,24
0a2ae3441809a3108ae890b36d75f38b0e94a7b2,MODIFY,regular-file,node_modules/localtunnel/node_modules/yargs/package.json,3998,54;73
043b5734c833182f5b6c73a850e9fc6914d4b466,MODIFY,regular-file,node_modules/lodash/package.json,3329,61
7f4e07b00d20b0be5525966e660e4a3cb92cd96e,MODIFY,regular-file,node_modules/loose-envify/README.md,1071,25
8fb391910c524c625008b5ba2f4f474db89491be,MODIFY,regular-file,node_modules/micromatch/README.md,19913,551
d3f46f7e145990dad5954d78c5da9a2c2bdcbe36,MODIFY,regular-file,node_modules/mime/LICENSE,1098,3
b5439e4be3869d32cea7b3de341eb140c270c47f,MODIFY,regular-file,node_modules/mime/package.json,2784,61
a93d3910b9d31a8743883e51c3815d96f1e628f7,MODIFY,regular-file,node_modules/nan/README.md,27215,414;418
7c7699ff82fbc93024cf5ceb4f4e7ef9a9e9b5e9,MODIFY,regular-file,node_modules/nan/nan.h,72616,6;10;237
95b2ce039e75b15e21f6599fd356f0bb4962913a,MODIFY,regular-file,node_modules/nan/package.json,3522,58;78
2dcdd789394965b8150ff96ead49f1a6ac9caf6a,MODIFY,regular-file,node_modules/nan/tools/package.json,441,11
0130ef46f2f457b04619c86d363c909e2bcb5283,MODIFY,regular-file,node_modules/node-forge/README.md,50919,18
294c41b6d37d3e2f5c0eb15bf75a1ca03b9b43dd,MODIFY,regular-file,node_modules/node-forge/js/util.js,77884,2626
889eb6dee8f81d4be764e9067f45c39e78c3a412,MODIFY,regular-file,node_modules/node-forge/nodejs/test/pkcs1.js,81557,267;734
e94e9e08ab1c0a4a35f1a4a4188d09b07d66a7c6,MODIFY,regular-file,node_modules/node-forge/nodejs/ui/test.min.js,376639,1
9f7e66f8d01b3ca075a6df81f5d5c45f0e16197c,MODIFY,regular-file,node_modules/node-gyp/CHANGELOG.md,16538,6;14;18;26;36-37;42;52;59;78-79;84-85;91-92;105;132
395b13d2a6d0bcf24b99372e532ed21b352edbca,MODIFY,regular-file,node_modules/node-sass/src/libsass/m4/m4-ax_cxx_compile_stdcxx_11.m4,5632,27
8c5793ab4ff59153b84dbe73575b8bb1820ce7c3,MODIFY,regular-file,node_modules/nomnom/node_modules/underscore/index.html,89997,358
c58572a5975ef7836720a783127616ed751710ad,MODIFY,regular-file,node_modules/pako/README.md,5455,30
a5ccc51b0698f930634d6e0fb5d1ddac424d0d73,MODIFY,regular-file,node_modules/parseurl/README.md,3639,42
24de6cc7513f7f9bdedec5cdb0b2a3d85f1ad58a,MODIFY,regular-file,node_modules/phantomjs-prebuilt/lib/phantom/examples/modernizr.js,51351,22
fd0e863a614fbcfc11bcfd0836975d1f5bfeb191,MODIFY,regular-file,node_modules/postcss-colormin/LICENSE-MIT,1092,1
73a35f63891c0a2c7f4590fcbac749d77c6b7e31,MODIFY,regular-file,node_modules/postcss-colormin/README.md,1363,53
689099591004b9867f92933a85a670531a02773f,MODIFY,regular-file,node_modules/postcss-colormin/package.json,3551,49
fd0e863a614fbcfc11bcfd0836975d1f5bfeb191,MODIFY,regular-file,node_modules/postcss-convert-values/LICENSE-MIT,1092,1
25107b54bca44725e49da7c0974cadbcc56bd913,MODIFY,regular-file,node_modules/postcss-convert-values/README.md,5380,86;96
1bdd4f14bc5c0f0a6c891e1804d44c7865444038,MODIFY,regular-file,node_modules/postcss-convert-values/package.json,3726,49
fd0e863a614fbcfc11bcfd0836975d1f5bfeb191,MODIFY,regular-file,node_modules/postcss-discard-comments/LICENSE-MIT,1092,1
032e21e60690b353f8d328a67a0a5e2e98afc8a0,MODIFY,regular-file,node_modules/postcss-discard-comments/README.md,2796,112
0df989473416d620856c85ab53ed8202d32cdd41,MODIFY,regular-file,node_modules/postcss-discard-comments/package.json,3540,49
fd0e863a614fbcfc11bcfd0836975d1f5bfeb191,MODIFY,regular-file,node_modules/postcss-discard-duplicates/LICENSE-MIT,1092,1
1c7def8cdd742004b4c66f4e9b10d794aa4f0771,MODIFY,regular-file,node_modules/postcss-discard-duplicates/README.md,3281,64;73
e463ff3001b81622364fa226bdea5f3540a80266,MODIFY,regular-file,node_modules/postcss-discard-duplicates/package.json,3794,49
fd0e863a614fbcfc11bcfd0836975d1f5bfeb191,MODIFY,regular-file,node_modules/postcss-discard-empty/LICENSE-MIT,1092,1
81a43b894a25d7e98a06bf5eb4f53a775c359798,MODIFY,regular-file,node_modules/postcss-discard-empty/README.md,1149,45
07d2f4dc72933f42a407dc821533a538589d3877,MODIFY,regular-file,node_modules/postcss-discard-empty/package.json,3444,49
fd0e863a614fbcfc11bcfd0836975d1f5bfeb191,MODIFY,regular-file,node_modules/postcss-discard-unused/LICENSE-MIT,1092,1
2f393036e95d3adae99ffba62cbbbb2c92029a81,MODIFY,regular-file,node_modules/postcss-discard-unused/README.md,4345,117;126
c053836f08c2bd6332d840fbf40e5c2e8e19b727,MODIFY,regular-file,node_modules/postcss-discard-unused/package.json,3781,49
fd0e863a614fbcfc11bcfd0836975d1f5bfeb191,MODIFY,regular-file,node_modules/postcss-filter-plugins/LICENSE-MIT,1092,1
4627bc61cfc35dc8faa6906cb357940e2ea5e0fe,MODIFY,regular-file,node_modules/postcss-filter-plugins/README.md,3821,116;126
d7b23fabdf4548c4770fb4266a0222ca808639a4,MODIFY,regular-file,node_modules/postcss-filter-plugins/package.json,3649,49
fd0e863a614fbcfc11bcfd0836975d1f5bfeb191,MODIFY,regular-file,node_modules/postcss-merge-idents/LICENSE-MIT,1092,1
1336903d6662265b0f35b76630f144b434509b98,MODIFY,regular-file,node_modules/postcss-merge-idents/README.md,1649,75
e1c75a3517dcd7714aadb5ca1e1f64c229d9502a,MODIFY,regular-file,node_modules/postcss-merge-idents/package.json,3594,49
fd0e863a614fbcfc11bcfd0836975d1f5bfeb191,MODIFY,regular-file,node_modules/postcss-merge-longhand/LICENSE-MIT,1092,1
a5e6a2955cf6c9c5276225b6d0b0dd49528e0459,MODIFY,regular-file,node_modules/postcss-merge-longhand/README.md,1326,49
c22671b0f54155b8250ee6163d4e57dbb867256f,MODIFY,regular-file,node_modules/postcss-merge-longhand/package.json,3024,49
fd0e863a614fbcfc11bcfd0836975d1f5bfeb191,MODIFY,regular-file,node_modules/postcss-merge-rules/LICENSE-MIT,1092,1
91fc0d411f857439bfe955fc28c6342c4a9ed369,MODIFY,regular-file,node_modules/postcss-merge-rules/README.md,1585,104
a835221f1ba69f58da2e6379946e48626ba82edc,MODIFY,regular-file,node_modules/postcss-merge-rules/package.json,4141,49
fd0e863a614fbcfc11bcfd0836975d1f5bfeb191,MODIFY,regular-file,node_modules/postcss-minify-gradients/LICENSE-MIT,1092,1
55e3e4ec140b692378e0d9afc365e8e5ff5d707d,MODIFY,regular-file,node_modules/postcss-minify-gradients/README.md,3091,49;59
5635b200c85713d87ad126383d39a3d8fe927483,MODIFY,regular-file,node_modules/postcss-minify-gradients/package.json,3694,49
fd0e863a614fbcfc11bcfd0836975d1f5bfeb191,MODIFY,regular-file,node_modules/postcss-minify-selectors/LICENSE-MIT,1092,1
aa9ccc92c679aa05b424e76e89978c0d437b363e,MODIFY,regular-file,node_modules/postcss-minify-selectors/README.md,1147,41
048ed9704fbfa4fb0367a9344509f8c39edc2d72,MODIFY,regular-file,node_modules/postcss-minify-selectors/package.json,3807,49
5f4a73b8d778c0da5b3e2357075f6483ae7a825c,MODIFY,regular-file,node_modules/postcss-modules-extract-imports/node_modules/postcss/CHANGELOG.md,17269,100;109;164;235-236;245;247;263;280;321
5f4a73b8d778c0da5b3e2357075f6483ae7a825c,MODIFY,regular-file,node_modules/postcss-modules-local-by-default/node_modules/postcss/CHANGELOG.md,17269,100;109;164;235-236;245;247;263;280;321
5f4a73b8d778c0da5b3e2357075f6483ae7a825c,MODIFY,regular-file,node_modules/postcss-modules-scope/node_modules/postcss/CHANGELOG.md,17269,100;109;164;235-236;245;247;263;280;321
5f4a73b8d778c0da5b3e2357075f6483ae7a825c,MODIFY,regular-file,node_modules/postcss-modules-values/node_modules/postcss/CHANGELOG.md,17269,100;109;164;235-236;245;247;263;280;321
fd0e863a614fbcfc11bcfd0836975d1f5bfeb191,MODIFY,regular-file,node_modules/postcss-normalize-url/LICENSE-MIT,1092,1
6347552dd11d412fb81188f625b3eba745ad0bd8,MODIFY,regular-file,node_modules/postcss-normalize-url/README.md,1577,53
7291356e4c1ac32c2e89848f272fac6f68a0e923,MODIFY,regular-file,node_modules/postcss-normalize-url/package.json,3687,49
fd0e863a614fbcfc11bcfd0836975d1f5bfeb191,MODIFY,regular-file,node_modules/postcss-ordered-values/LICENSE-MIT,1092,1
9ba63cbdb13d95d7b0a02f0cfca54d292fb2ae03,MODIFY,regular-file,node_modules/postcss-ordered-values/README.md,3355,67;77
c3cf866ad736ca23ea1e80056319440b2177ce98,MODIFY,regular-file,node_modules/postcss-ordered-values/package.json,3641,49
fd0e863a614fbcfc11bcfd0836975d1f5bfeb191,MODIFY,regular-file,node_modules/postcss-reduce-idents/LICENSE-MIT,1092,1
c49b88893b26cf0aad529ad206987698b40282ee,MODIFY,regular-file,node_modules/postcss-reduce-idents/README.md,5078,133;142
7c9844b9bbd08cb825e1de03dbae6210308cde09,MODIFY,regular-file,node_modules/postcss-reduce-idents/package.json,3727,49
fd0e863a614fbcfc11bcfd0836975d1f5bfeb191,MODIFY,regular-file,node_modules/postcss-reduce-initial/LICENSE-MIT,1092,1
8597fb9ca0480bb340c560692500c1458e844698,MODIFY,regular-file,node_modules/postcss-reduce-initial/README.md,2722,53;68
bd474efe9243d05513514b476e20095cd2095e1b,MODIFY,regular-file,node_modules/postcss-reduce-initial/package.json,3782,49
fd0e863a614fbcfc11bcfd0836975d1f5bfeb191,MODIFY,regular-file,node_modules/postcss-reduce-transforms/LICENSE-MIT,1092,1
acdf634655bcd932d8d214f9cd6543bff7ae5a89,MODIFY,regular-file,node_modules/postcss-reduce-transforms/README.md,1269,46
635f0fffbe6e5ab17746e94317702f4e862c9986,MODIFY,regular-file,node_modules/postcss-reduce-transforms/package.json,3525,49
fd0e863a614fbcfc11bcfd0836975d1f5bfeb191,MODIFY,regular-file,node_modules/postcss-selector-parser/LICENSE-MIT,1092,1
7f26dd5a69b4bf416e05d7682a9452b453e4f3a8,MODIFY,regular-file,node_modules/postcss-selector-parser/package.json,3935,50
fd0e863a614fbcfc11bcfd0836975d1f5bfeb191,MODIFY,regular-file,node_modules/postcss-svgo/LICENSE-MIT,1092,1
59a685e7e755e9c8edf41533c4789640e5d4c807,MODIFY,regular-file,node_modules/postcss-svgo/README.md,5298,113;122
376a5b1b30b447bed843d24652eca0f2c627591b,MODIFY,regular-file,node_modules/postcss-svgo/package.json,3801,49
fd0e863a614fbcfc11bcfd0836975d1f5bfeb191,MODIFY,regular-file,node_modules/postcss-unique-selectors/LICENSE-MIT,1092,1
c4f9caad1bae78bf6ea3e36d54ecfd2b1959e92f,MODIFY,regular-file,node_modules/postcss-unique-selectors/README.md,1156,45
a0afeab05f74b1712a0fea338fb39d697d5622cf,MODIFY,regular-file,node_modules/postcss-unique-selectors/package.json,3491,49
fd0e863a614fbcfc11bcfd0836975d1f5bfeb191,MODIFY,regular-file,node_modules/postcss-zindex/LICENSE-MIT,1092,1
e27eacf3452ea61d0182224862cfb2fa29a21d97,MODIFY,regular-file,node_modules/postcss-zindex/README.md,2462,84
c4310e15b754e5ba2938dbcb4112810f397adeaa,MODIFY,regular-file,node_modules/postcss-zindex/package.json,3010,49
b958a944c596e2a1b080631d0a8676464cdf048f,MODIFY,regular-file,node_modules/postcss/CHANGELOG.md,15393,37;46;101;172-173;182;184;200;217;258
64005ce8da8589cabb54fcdf0a4b61e421dc47fb,MODIFY,regular-file,node_modules/pretty-format/perf/world.geo.json,256944,15
6c2f144b1ca8a8db2ed59b2e4ff48d45f233a434,MODIFY,regular-file,node_modules/private/LICENSE,1075,1
1780cee3b5572801683ee47ccb370770910e9cc0,MODIFY,regular-file,node_modules/private/package.json,2772,50
22d7e14f2636530ead3cd97441d9d50e22d3711c,MODIFY,regular-file,node_modules/proxy-addr/README.md,4499,137
7ad7d1faaac8337f19f16aeef0ad1bd58a98a7e7,MODIFY,regular-file,node_modules/punycode/README.md,6115,9;11
6a9df36d3bd2f7157a8e54d8934b5a465d9213ba,MODIFY,regular-file,node_modules/randomatic/node_modules/is-number/node_modules/kind-of/README.md,8093,140;142
83469b0b69a3b466e87e1818f5988fadf6d50b7b,MODIFY,regular-file,node_modules/randomatic/node_modules/kind-of/README.md,8145,138;140
0b2643dfc65f5f593b725c511036a66c2d9bf68c,MODIFY,regular-file,node_modules/react-dom/dist/react-dom-server.js,558164,6001;6003;6005;7619
fdfe36101bf78aee56b2c831d91a17ab295d800e,MODIFY,regular-file,node_modules/react-dom/dist/react-dom.js,636856,6200;6202;6204;7929
f1b84eda27802ab0e2c785d76ea2c68691835db2,MODIFY,regular-file,node_modules/react-dom/lib/ReactDOMComponent.js,39011,787;789;791
0a6311aa3dbac4c1550b0d37bf11f4fd5f63c245,MODIFY,regular-file,node_modules/react-dom/lib/ReactDOMTextarea.js,6342,53
725918ca6ac836d6ba83e883fd1364b8e5f6feb6,MODIFY,regular-file,node_modules/react-test-renderer/lib/shallow/ReactDOMComponent.js,38517,779;781;783
d8442723a045e81fccedfbaf3042a19e86865123,MODIFY,regular-file,node_modules/react-test-renderer/lib/shallow/ReactDOMTextarea.js,6464,55
7cc9dd08c91c6355d92b8776186551f147402dad,MODIFY,regular-file,node_modules/reduce-css-calc/LICENSE,1100,3
5e6c6d450f3f1f8625907d9fc65a0767221c9e28,MODIFY,regular-file,node_modules/regenerator-runtime/package.json,2452,51
3f26ee2fe3dc501829b5f37073c080f88ceb7bea,MODIFY,regular-file,node_modules/regenerator-transform/package.json,3075,49
aa20928b7d3177e61ffdc33aeb1f2c2207805540,MODIFY,regular-file,node_modules/regjsgen/LICENSE.txt,1099,1
0a4dcd0c868df9a0c20a9e9f063b67d54fd58a69,MODIFY,regular-file,node_modules/regjsgen/README.md,1181,54
b33207dfbc4b1b20376993678946dd051a7ee8ae,MODIFY,regular-file,node_modules/regjsgen/package.json,2601,44;53
58ff1516628fda462d927e063183edda3970b8b8,MODIFY,regular-file,node_modules/regjsgen/regjsgen.js,10455,3
aaa5e91c7a7f91ea47622761d634b591959eb3be,MODIFY,regular-file,node_modules/repeat-string/README.md,5057,35
c9e79d4697e83c8797aea54a8e226d0d10a042b7,MODIFY,regular-file,node_modules/require-main-filename/package.json,2745,49
60211c3869e1af2c0cd6f5a99c33bf3eae52a2e0,MODIFY,regular-file,node_modules/sass-graph/node_modules/yargs-parser/package.json,3002,49
464966fa36bb39a085e67310c8d1de006d4db324,MODIFY,regular-file,node_modules/set-blocking/package.json,2849,49
a0af7426b7c62550c070a94f394b209e9b6e9655,MODIFY,regular-file,node_modules/shallow-clone/node_modules/kind-of/README.md,6177,121;123
8280020e483fac80356b6eab1ef15602b95f10c1,MODIFY,regular-file,node_modules/signal-exit/package.json,2855,49
c04bf893ef67b350d04a3f7435afb7bb9a7e6bde,MODIFY,regular-file,node_modules/sockjs/node_modules/uuid/README.md,6393,171;181
aaeb2ea0132f95b608ae9f4b62b7e7a214f88c49,MODIFY,regular-file,node_modules/sockjs/node_modules/uuid/benchmark/README.md,2031,1;5
94e0b5938e23799597ad85accae14c6f3aa511bd,MODIFY,regular-file,node_modules/sockjs/node_modules/uuid/benchmark/package.json,164,4
bd2fca623c3f6385e45de2eec82f07327243492f,MODIFY,regular-file,node_modules/svgo/plugins/removeAttrs.js,2547,65
b25ff8f7f851b3ffa9d4c5e17884c5782fff0f24,MODIFY,regular-file,node_modules/svgo/plugins/removeDimensions.js,662,20
1bbc69019b885869479b0bc8fb0d8679d99bb067,MODIFY,regular-file,node_modules/test-exclude/package.json,3002,49
160b7cf658ae094926545060f99775a32a6c5049,MODIFY,regular-file,node_modules/tiny-lr/node_modules/iconv-lite/README.md,6399,103
ffb6871d36c1b4fc8e0086ce05ecf04d8947d62b,MODIFY,regular-file,node_modules/tweetnacl/README.md,13166,31;397;408
4f2ce291434fa3767476ac9e66036feb80f70f78,MODIFY,regular-file,node_modules/ua-parser-js/package.json,5517,62
7951d0699e9f0ffbf43295a257d55731d3cfc3fd,MODIFY,regular-file,node_modules/ua-parser-js/readme.md,10381,44
8d5d513413adefa381af40fa48696138985b77ba,MODIFY,regular-file,node_modules/ua-parser-js/src/ua-parser.js,43145,516
7fbd5cbcf1369ff92dd2f836438f6920805db02d,MODIFY,regular-file,node_modules/uglify-js/node_modules/cliui/package.json,2957,45
3bacfca042cf287a590d19617d97db7cb34cf1b7,MODIFY,regular-file,node_modules/uglify-js/node_modules/yargs/package.json,3594,54;69
831e6379b5be2533a1d22f3524d3021fa372fdb3,MODIFY,regular-file,node_modules/url/node_modules/punycode/README.md,5988,9;11
d3f46f7e145990dad5954d78c5da9a2c2bdcbe36,MODIFY,regular-file,node_modules/webpack-dev-middleware/node_modules/mime/LICENSE,1098,3
9783a4ac93541ace17e0fc92963f79e4e4466298,MODIFY,regular-file,node_modules/webpack-dev-middleware/node_modules/mime/package.json,3038,61
97fff5871c270c4b9270a3b3549f553c01eb5afd,MODIFY,regular-file,node_modules/webpack/node_modules/yargs-parser/package.json,2989,49
116d2b9e2dccf15e94bbd614aac84031f81f312b,MODIFY,regular-file,node_modules/weinre/LICENSE,26369,385
9ea8eb7b0c8a198af37d290185228f9cc1d8c4a1,MODIFY,regular-file,node_modules/weinre/node_modules/connect/lib/middleware/staticCache.js,4213,35
95ea466b905c4601ca7686a3284d6e12327c3fc4,MODIFY,regular-file,node_modules/weinre/node_modules/express/History.md,30583,303
451fc4550c233592508fc640ab3201c18091c66d,MODIFY,regular-file,node_modules/weinre/node_modules/mime/LICENSE,1075,1
4b5354e79a2ac962ec3d0c76bcabbbe9e8ae805a,MODIFY,regular-file,node_modules/weinre/node_modules/mime/package.json,2571,59
e7630c3acf8fd2f6efe9ab5032f0e99fbf95657a,MODIFY,regular-file,node_modules/y18n/package.json,2715,50
2b3fb6f0e241ed6186c56a8008123a1ce4eb0984,MODIFY,regular-file,node_modules/yargs-parser/package.json,2926,49
b1b93bb880a134d18104deb307a16f4c1da9534e,MODIFY,regular-file,package.json,1549,17
